[{"model": "blog.post", "pk": 1, "fields": {"title": "Steering Django Towards an Async World", "content": "<p>Here&#39;s what you get when you upgrade to membership:</p>\r\n\r\n<p><strong>Unlimited access.&nbsp;</strong>Explore&nbsp;Medium&#39;s library filled with everything you&#39;re curious about.</p>\r\n\r\n<p><strong>Reward quality writing.</strong>&nbsp;When you spend time reading a story, a portion of your membership fee will go directly to its author.</p>\r\n\r\n<p>&quot;I love&nbsp;Medium&#39;s membership &mdash; it gives me access to the stories I love by the writers I love, and it allows me to help support those writers financially.&quot;<br />\r\n<strong>&mdash;Kayt Molina,&nbsp;Medium&nbsp;member</strong></p>", "image": "blog/media/1_HEwEYcYXl6BHWnFPQQp8Qg.jpeg", "video_file": "blog/media/WhatsApp_Video_2020-09-30_at_10.24.44.mp4", "date_posted": "2020-10-12T06:15:13Z", "author": 1, "slug": "steering-django-towards-an-async-world", "category": "RA", "is_approved": true}}, {"model": "blog.post", "pk": 2, "fields": {"title": "Why Bother Using Property Decorators in Python?", "content": "<h4>&nbsp;</h4>\r\n\r\n<p>Here&#39;s what you get when you upgrade to membership:</p>\r\n\r\n<p><strong>Unlimited access.&nbsp;</strong>Explore&nbsp;Medium&#39;s library filled with everything you&#39;re curious about.</p>\r\n\r\n<p><strong>Reward quality writing.</strong>&nbsp;When you spend time reading a story, a portion of your membership fee will go directly to its author.</p>\r\n\r\n<p>&quot;I love&nbsp;Medium&#39;s membership &mdash; it gives me access to the stories I love by the writers I love, and it allows me to help support those writers financially.&quot;<br />\r\n<strong>&mdash;Kayt Molina,&nbsp;Medium&nbsp;member</strong></p>", "image": "blog/media/0_zMnoWjUkgAxR4LcZ.jpg", "video_file": "blog/media/WhatsApp_Video_2020-09-30_at_10.24.44_9eEjfAn.mp4", "date_posted": "2020-10-12T06:26:04Z", "author": 1, "slug": "why-bother-using-property-decorators-in-python", "category": "MV", "is_approved": true}}, {"model": "blog.post", "pk": 3, "fields": {"title": "Installing and Configuring MySQL with Django", "content": "<p>Here&#39;s what you get when you upgrade to membership:</p>\r\n\r\n<p><strong>Unlimited access.&nbsp;</strong>Explore&nbsp;Medium&#39;s library filled with everything you&#39;re curious about.</p>\r\n\r\n<p><strong>Reward quality writing.</strong>&nbsp;When you spend time reading a story, a portion of your membership fee will go directly to its author.</p>\r\n\r\n<p>&quot;I love&nbsp;Medium&#39;s membership &mdash; it gives me access to the stories I love by the writers I love, and it allows me to help support those writers financially.&quot;<br />\r\n<strong>&mdash;Kayt Molina,&nbsp;Medium&nbsp;member</strong></p>", "image": "blog/media/0_98kXDw_2E8mbk9jY.jpg", "video_file": "blog/media/WhatsApp_Video_2020-09-30_at_10.24.44_gQLvt3U.mp4", "date_posted": "2020-10-12T06:27:33Z", "author": 1, "slug": "installing-and-configuring-mysql-with-django", "category": "TR", "is_approved": true}}, {"model": "blog.post", "pk": 4, "fields": {"title": "Designing Intelligent Python Dictionaries", "content": "<p>Here&#39;s what you get when you upgrade to membership:</p>\r\n\r\n<p><strong>Unlimited access.&nbsp;</strong>Explore&nbsp;Medium&#39;s library filled with everything you&#39;re curious about.</p>\r\n\r\n<p><strong>Reward quality writing.</strong>&nbsp;When you spend time reading a story, a portion of your membership fee will go directly to its author.</p>\r\n\r\n<p>&quot;I love&nbsp;Medium&#39;s membership &mdash; it gives me access to the stories I love by the writers I love, and it allows me to help support those writers financially.&quot;<br />\r\n<strong>&mdash;Kayt Molina,&nbsp;Medium&nbsp;member</strong></p>", "image": "blog/media/0_J1X2GmGjSM0o3XOf.jpg", "video_file": "blog/media/WhatsApp_Video_2020-09-30_at_10.24.44_wNekToX.mp4", "date_posted": "2020-10-12T06:30:56Z", "author": 1, "slug": "designing-intelligent-python-dictionaries", "category": "TR", "is_approved": true}}, {"model": "blog.post", "pk": 5, "fields": {"title": "How To Make Search Fields Dynamic in the Django REST Framework", "content": "<p>Here&#39;s what you get when you upgrade to membership:</p>\r\n\r\n<p><strong>Unlimited access.&nbsp;</strong>Explore&nbsp;Medium&#39;s library filled with everything you&#39;re curious about.</p>\r\n\r\n<p><strong>Reward quality writing.</strong>&nbsp;When you spend time reading a story, a portion of your membership fee will go directly to its author.</p>\r\n\r\n<p>&quot;I love&nbsp;Medium&#39;s membership &mdash; it gives me access to the stories I love by the writers I love, and it allows me to help support those writers financially.&quot;<br />\r\n<strong>&mdash;Kayt Molina,&nbsp;Medium&nbsp;member</strong></p>", "image": "blog/media/1_N5Iep1wJY1iXgMzpHxzE8w.png", "video_file": "blog/media/WhatsApp_Video_2020-09-30_at_10.24.44_dmbNADc.mp4", "date_posted": "2020-10-12T06:32:03Z", "author": 1, "slug": "how-to-make-search-fields-dynamic-in-the-django-rest-framework", "category": "MV", "is_approved": true}}, {"model": "blog.post", "pk": 6, "fields": {"title": "Use Google Sheets, S3, and Python to Build a Website Quickly", "content": "<p>Here&#39;s what you get when you upgrade to membership:</p>\r\n\r\n<p><strong>Unlimited access.&nbsp;</strong>Explore&nbsp;Medium&#39;s library filled with everything you&#39;re curious about.</p>\r\n\r\n<p><strong>Reward quality writing.</strong>&nbsp;When you spend time reading a story, a portion of your membership fee will go directly to its author.</p>\r\n\r\n<p>&quot;I love&nbsp;Medium&#39;s membership &mdash; it gives me access to the stories I love by the writers I love, and it allows me to help support those writers financially.&quot;<br />\r\n<strong>&mdash;Kayt Molina,&nbsp;Medium&nbsp;member</strong></p>", "image": "blog/media/0_kjQ7Fd680PuEkuxI.jpg", "video_file": "blog/media/WhatsApp_Video_2020-09-30_at_10.24.44_zke2FBG.mp4", "date_posted": "2020-10-12T06:44:06Z", "author": 1, "slug": "use-google-sheets-s3-and-python-to-build-a-website-quickly", "category": "MV", "is_approved": true}}, {"model": "blog.post", "pk": 7, "fields": {"title": "Create a Notebook with Django", "content": "<p>Here&#39;s what you get when you upgrade to membership:</p>\r\n\r\n<p><strong>Unlimited access.&nbsp;</strong>Explore&nbsp;Medium&#39;s library filled with everything you&#39;re curious about.</p>\r\n\r\n<p><strong>Reward quality writing.</strong>&nbsp;When you spend time reading a story, a portion of your membership fee will go directly to its author.</p>\r\n\r\n<p>&quot;I love&nbsp;Medium&#39;s membership &mdash; it gives me access to the stories I love by the writers I love, and it allows me to help support those writers financially.&quot;<br />\r\n<strong>&mdash;Kayt Molina,&nbsp;Medium&nbsp;member</strong></p>", "image": "blog/media/1_1amhvIJdqAVeMPzBortW_g.png", "video_file": "blog/media/WhatsApp_Video_2020-09-30_at_10.24.44_ak2ug2X.mp4", "date_posted": "2020-10-12T06:45:04Z", "author": 1, "slug": "create-a-notebook-with-django", "category": "TR", "is_approved": true}}, {"model": "blog.post", "pk": 8, "fields": {"title": "Spider-Man Homecoming", "content": "<p>Here&#39;s what you get when you upgrade to membership:</p>\r\n\r\n<p><strong>Unlimited access.&nbsp;</strong>Explore&nbsp;Medium&#39;s library filled with everything you&#39;re curious about.</p>\r\n\r\n<p><strong>Reward quality writing.</strong>&nbsp;When you spend time reading a story, a portion of your membership fee will go directly to its author.</p>\r\n\r\n<p>&quot;I love&nbsp;Medium&#39;s membership &mdash; it gives me access to the stories I love by the writers I love, and it allows me to help support those writers financially.&quot;<br />\r\n<strong>&mdash;Kayt Molina,&nbsp;Medium&nbsp;member</strong></p>", "image": "blog/media/Spider-Man_Homecoming_poster.jpg", "video_file": "blog/media/movieposter_Np3A66I.jpg", "date_posted": "2020-10-12T06:49:51Z", "author": 2, "slug": "spider-man-homecoming", "category": "TR", "is_approved": true}}, {"model": "blog.post", "pk": 9, "fields": {"title": "the maze runner", "content": "<p>Here&#39;s what you get when you upgrade to membership:</p>\r\n\r\n<p><strong>Unlimited access.&nbsp;</strong>Explore&nbsp;Medium&#39;s library filled with everything you&#39;re curious about.</p>\r\n\r\n<p><strong>Reward quality writing.</strong>&nbsp;When you spend time reading a story, a portion of your membership fee will go directly to its author.</p>\r\n\r\n<p>&quot;I love&nbsp;Medium&#39;s membership &mdash; it gives me access to the stories I love by the writers I love, and it allows me to help support those writers financially.&quot;<br />\r\n<strong>&mdash;Kayt Molina,&nbsp;Medium&nbsp;member</strong></p>", "image": "blog/media/movieposter.jpg", "video_file": "blog/media/1_HEwEYcYXl6BHWnFPQQp8Qg_zFzYuES.jpeg", "date_posted": "2020-10-12T06:50:45Z", "author": 2, "slug": "the-maze-runner", "category": "MV", "is_approved": true}}, {"model": "blog.post", "pk": 12, "fields": {"title": "article detail not working", "content": "<p>dcsfvbf cdaaaaaaaaaaaa<strong>cfffffffffffffffffffffffffffffffffffff<em>dddddddddddddddddddddddddddddddd</em></strong></p>", "image": "blog/media/1_czdclydbZoCoZdapZmUjkw_cEpNu7x.png", "video_file": "Machine-Learning_Lecture.pptx", "date_posted": "2020-10-16T16:33:24Z", "author": 1, "slug": "article-detail-not-working", "category": "MV", "is_approved": true}}, {"model": "blog.post", "pk": 13, "fields": {"title": "ggggggggggggggggggggggg", "content": "<p>bbbbbbbbbbbbbbbbbbbbbbbbbbbb</p>", "image": "blog/media/movieposter_6FoUCmk.jpg", "video_file": "1_1amhvIJdqAVeMPzBortW_g.png", "date_posted": "2020-10-16T17:29:48Z", "author": 1, "slug": "desert", "category": "MV", "is_approved": true}}, {"model": "users.profile", "pk": 1, "fields": {"user": 1, "image": "profile_pic/0_zMnoWjUkgAxR4LcZ.jpg"}}, {"model": "users.profile", "pk": 2, "fields": {"user": 2, "image": "profile_pic/1_-5DF0ruKaQcqFhckTXPiLA_Ij4XhHo.jpeg"}}, {"model": "admin.logentry", "pk": 1, "fields": {"action_time": "2020-10-12T06:25:27.151Z", "user": 1, "content_type": 1, "object_id": "1", "object_repr": "Steering Django Towards an Async World", "action_flag": 1, "change_message": "[{\"added\": {}}]"}}, {"model": "admin.logentry", "pk": 2, "fields": {"action_time": "2020-10-12T06:27:31.094Z", "user": 1, "content_type": 1, "object_id": "2", "object_repr": "Why Bother Using Property Decorators in Python?", "action_flag": 1, "change_message": "[{\"added\": {}}]"}}, {"model": "admin.logentry", "pk": 3, "fields": {"action_time": "2020-10-12T06:28:46.581Z", "user": 1, "content_type": 1, "object_id": "3", "object_repr": "Installing and Configuring MySQL with Django", "action_flag": 1, "change_message": "[{\"added\": {}}]"}}, {"model": "admin.logentry", "pk": 4, "fields": {"action_time": "2020-10-12T06:32:00.117Z", "user": 1, "content_type": 1, "object_id": "4", "object_repr": "Designing Intelligent Python Dictionaries", "action_flag": 1, "change_message": "[{\"added\": {}}]"}}, {"model": "admin.logentry", "pk": 5, "fields": {"action_time": "2020-10-12T06:33:27.665Z", "user": 1, "content_type": 1, "object_id": "5", "object_repr": "How To Make Search Fields Dynamic in the Django REST Framework", "action_flag": 1, "change_message": "[{\"added\": {}}]"}}, {"model": "admin.logentry", "pk": 6, "fields": {"action_time": "2020-10-12T06:45:00.424Z", "user": 1, "content_type": 1, "object_id": "6", "object_repr": "Use Google Sheets, S3, and Python to Build a Website Quickly", "action_flag": 1, "change_message": "[{\"added\": {}}]"}}, {"model": "admin.logentry", "pk": 7, "fields": {"action_time": "2020-10-12T06:46:23.607Z", "user": 1, "content_type": 1, "object_id": "7", "object_repr": "Create a Notebook with Django", "action_flag": 1, "change_message": "[{\"added\": {}}]"}}, {"model": "admin.logentry", "pk": 8, "fields": {"action_time": "2020-10-12T06:54:47.861Z", "user": 1, "content_type": 1, "object_id": "8", "object_repr": "Spider-Man Homecoming", "action_flag": 2, "change_message": "[{\"changed\": {\"fields\": [\"Video file\", \"Tags\", \"Category\", \"Is approved\"]}}]"}}, {"model": "admin.logentry", "pk": 9, "fields": {"action_time": "2020-10-12T06:55:39.987Z", "user": 1, "content_type": 1, "object_id": "9", "object_repr": "the maze runner", "action_flag": 2, "change_message": "[{\"changed\": {\"fields\": [\"Video file\", \"Tags\", \"Category\", \"Is approved\"]}}]"}}, {"model": "admin.logentry", "pk": 10, "fields": {"action_time": "2020-10-12T06:57:04.879Z", "user": 1, "content_type": 9, "object_id": "12", "object_repr": "jungle", "action_flag": 1, "change_message": "[{\"added\": {}}]"}}, {"model": "admin.logentry", "pk": 11, "fields": {"action_time": "2020-10-12T06:57:23.187Z", "user": 1, "content_type": 9, "object_id": "13", "object_repr": "Desert", "action_flag": 1, "change_message": "[{\"added\": {}}]"}}, {"model": "admin.logentry", "pk": 12, "fields": {"action_time": "2020-10-12T06:57:56.494Z", "user": 1, "content_type": 9, "object_id": "14", "object_repr": "Pakistan", "action_flag": 1, "change_message": "[{\"added\": {}}]"}}, {"model": "admin.logentry", "pk": 13, "fields": {"action_time": "2020-10-12T06:58:13.738Z", "user": 1, "content_type": 9, "object_id": "15", "object_repr": "World", "action_flag": 1, "change_message": "[{\"added\": {}}]"}}, {"model": "admin.logentry", "pk": 14, "fields": {"action_time": "2020-10-12T06:58:25.946Z", "user": 1, "content_type": 9, "object_id": "16", "object_repr": "Macbook Pro", "action_flag": 1, "change_message": "[{\"added\": {}}]"}}, {"model": "admin.logentry", "pk": 15, "fields": {"action_time": "2020-10-12T06:58:52.701Z", "user": 1, "content_type": 9, "object_id": "16", "object_repr": "Macbook", "action_flag": 2, "change_message": "[{\"changed\": {\"fields\": [\"Name\"]}}]"}}, {"model": "admin.logentry", "pk": 16, "fields": {"action_time": "2020-10-13T05:58:37.969Z", "user": 1, "content_type": 1, "object_id": "10", "object_repr": "Spider-Man Homecoming123", "action_flag": 2, "change_message": "[{\"changed\": {\"fields\": [\"Tags\", \"Category\", \"Is approved\"]}}]"}}, {"model": "admin.logentry", "pk": 17, "fields": {"action_time": "2020-10-13T13:52:53.354Z", "user": 1, "content_type": 9, "object_id": "9", "object_repr": "App", "action_flag": 3, "change_message": ""}}, {"model": "admin.logentry", "pk": 18, "fields": {"action_time": "2020-10-13T13:52:53.491Z", "user": 1, "content_type": 9, "object_id": "5", "object_repr": "Artificial", "action_flag": 3, "change_message": ""}}, {"model": "admin.logentry", "pk": 19, "fields": {"action_time": "2020-10-13T13:52:53.579Z", "user": 1, "content_type": 9, "object_id": "13", "object_repr": "Desert", "action_flag": 3, "change_message": ""}}, {"model": "admin.logentry", "pk": 20, "fields": {"action_time": "2020-10-13T14:03:40.193Z", "user": 1, "content_type": 9, "object_id": "17", "object_repr": "Desert", "action_flag": 1, "change_message": "[{\"added\": {}}]"}}, {"model": "admin.logentry", "pk": 21, "fields": {"action_time": "2020-10-13T14:03:52.529Z", "user": 1, "content_type": 9, "object_id": "18", "object_repr": "Sea", "action_flag": 1, "change_message": "[{\"added\": {}}]"}}, {"model": "admin.logentry", "pk": 22, "fields": {"action_time": "2020-10-13T14:04:35.762Z", "user": 1, "content_type": 9, "object_id": "19", "object_repr": "rain", "action_flag": 1, "change_message": "[{\"added\": {}}]"}}, {"model": "admin.logentry", "pk": 23, "fields": {"action_time": "2020-10-13T14:04:45.017Z", "user": 1, "content_type": 9, "object_id": "20", "object_repr": "flood", "action_flag": 1, "change_message": "[{\"added\": {}}]"}}, {"model": "admin.logentry", "pk": 24, "fields": {"action_time": "2020-10-13T14:04:55.915Z", "user": 1, "content_type": 9, "object_id": "21", "object_repr": "tablet", "action_flag": 1, "change_message": "[{\"added\": {}}]"}}, {"model": "admin.logentry", "pk": 25, "fields": {"action_time": "2020-10-13T14:06:24.791Z", "user": 1, "content_type": 9, "object_id": "17", "object_repr": "Desert", "action_flag": 3, "change_message": ""}}, {"model": "admin.logentry", "pk": 26, "fields": {"action_time": "2020-10-13T14:06:25.016Z", "user": 1, "content_type": 9, "object_id": "18", "object_repr": "Sea", "action_flag": 3, "change_message": ""}}, {"model": "admin.logentry", "pk": 27, "fields": {"action_time": "2020-10-13T14:06:25.102Z", "user": 1, "content_type": 9, "object_id": "20", "object_repr": "flood", "action_flag": 3, "change_message": ""}}, {"model": "admin.logentry", "pk": 28, "fields": {"action_time": "2020-10-13T14:06:25.196Z", "user": 1, "content_type": 9, "object_id": "12", "object_repr": "jungle", "action_flag": 3, "change_message": ""}}, {"model": "admin.logentry", "pk": 29, "fields": {"action_time": "2020-10-13T14:06:25.314Z", "user": 1, "content_type": 9, "object_id": "19", "object_repr": "rain", "action_flag": 3, "change_message": ""}}, {"model": "admin.logentry", "pk": 30, "fields": {"action_time": "2020-10-16T04:31:26.058Z", "user": 1, "content_type": 1, "object_id": "11", "object_repr": "Celery Tutorial: A Must-Learn Technology for Python Developers", "action_flag": 2, "change_message": "[{\"changed\": {\"fields\": [\"Tags\", \"Category\"]}}]"}}, {"model": "admin.logentry", "pk": 31, "fields": {"action_time": "2020-10-16T04:31:35.211Z", "user": 1, "content_type": 1, "object_id": "11", "object_repr": "Celery Tutorial: A Must-Learn Technology for Python Developers", "action_flag": 2, "change_message": "[{\"changed\": {\"fields\": [\"Is approved\"]}}]"}}, {"model": "admin.logentry", "pk": 32, "fields": {"action_time": "2020-10-16T04:32:14.414Z", "user": 1, "content_type": 1, "object_id": "11", "object_repr": "Celery Tutorial: A Must-Learn Technology for Python Developers", "action_flag": 2, "change_message": "[{\"changed\": {\"fields\": [\"Category\"]}}]"}}, {"model": "admin.logentry", "pk": 33, "fields": {"action_time": "2020-10-16T04:32:54.766Z", "user": 1, "content_type": 1, "object_id": "11", "object_repr": "Celery Tutorial: A Must-Learn Technology for Python Developers", "action_flag": 3, "change_message": ""}}, {"model": "admin.logentry", "pk": 34, "fields": {"action_time": "2020-10-16T04:32:54.898Z", "user": 1, "content_type": 1, "object_id": "10", "object_repr": "Spider-Man Homecoming123", "action_flag": 3, "change_message": ""}}, {"model": "admin.logentry", "pk": 35, "fields": {"action_time": "2020-10-16T16:33:53.463Z", "user": 1, "content_type": 1, "object_id": "12", "object_repr": "article detail not working", "action_flag": 2, "change_message": "[{\"changed\": {\"fields\": [\"Tags\", \"Category\", \"Is approved\"]}}]"}}, {"model": "admin.logentry", "pk": 36, "fields": {"action_time": "2020-10-16T16:52:09.877Z", "user": 1, "content_type": 1, "object_id": "12", "object_repr": "article detail not working", "action_flag": 2, "change_message": "[{\"changed\": {\"fields\": [\"Video file\"]}}]"}}, {"model": "admin.logentry", "pk": 37, "fields": {"action_time": "2020-10-16T17:30:15.629Z", "user": 1, "content_type": 1, "object_id": "13", "object_repr": "ggggggggggggggggggggggg", "action_flag": 1, "change_message": "[{\"added\": {}}]"}}, {"model": "admin.logentry", "pk": 38, "fields": {"action_time": "2020-10-16T17:31:56.122Z", "user": 1, "content_type": 1, "object_id": "13", "object_repr": "ggggggggggggggggggggggg", "action_flag": 2, "change_message": "[{\"changed\": {\"fields\": [\"Video file\"]}}]"}}, {"model": "auth.permission", "pk": 1, "fields": {"name": "Can add post", "content_type": 1, "codename": "add_post"}}, {"model": "auth.permission", "pk": 2, "fields": {"name": "Can change post", "content_type": 1, "codename": "change_post"}}, {"model": "auth.permission", "pk": 3, "fields": {"name": "Can delete post", "content_type": 1, "codename": "delete_post"}}, {"model": "auth.permission", "pk": 4, "fields": {"name": "Can view post", "content_type": 1, "codename": "view_post"}}, {"model": "auth.permission", "pk": 5, "fields": {"name": "Can add profile", "content_type": 2, "codename": "add_profile"}}, {"model": "auth.permission", "pk": 6, "fields": {"name": "Can change profile", "content_type": 2, "codename": "change_profile"}}, {"model": "auth.permission", "pk": 7, "fields": {"name": "Can delete profile", "content_type": 2, "codename": "delete_profile"}}, {"model": "auth.permission", "pk": 8, "fields": {"name": "Can view profile", "content_type": 2, "codename": "view_profile"}}, {"model": "auth.permission", "pk": 9, "fields": {"name": "Can add log entry", "content_type": 3, "codename": "add_logentry"}}, {"model": "auth.permission", "pk": 10, "fields": {"name": "Can change log entry", "content_type": 3, "codename": "change_logentry"}}, {"model": "auth.permission", "pk": 11, "fields": {"name": "Can delete log entry", "content_type": 3, "codename": "delete_logentry"}}, {"model": "auth.permission", "pk": 12, "fields": {"name": "Can view log entry", "content_type": 3, "codename": "view_logentry"}}, {"model": "auth.permission", "pk": 13, "fields": {"name": "Can add permission", "content_type": 4, "codename": "add_permission"}}, {"model": "auth.permission", "pk": 14, "fields": {"name": "Can change permission", "content_type": 4, "codename": "change_permission"}}, {"model": "auth.permission", "pk": 15, "fields": {"name": "Can delete permission", "content_type": 4, "codename": "delete_permission"}}, {"model": "auth.permission", "pk": 16, "fields": {"name": "Can view permission", "content_type": 4, "codename": "view_permission"}}, {"model": "auth.permission", "pk": 17, "fields": {"name": "Can add group", "content_type": 5, "codename": "add_group"}}, {"model": "auth.permission", "pk": 18, "fields": {"name": "Can change group", "content_type": 5, "codename": "change_group"}}, {"model": "auth.permission", "pk": 19, "fields": {"name": "Can delete group", "content_type": 5, "codename": "delete_group"}}, {"model": "auth.permission", "pk": 20, "fields": {"name": "Can view group", "content_type": 5, "codename": "view_group"}}, {"model": "auth.permission", "pk": 21, "fields": {"name": "Can add user", "content_type": 6, "codename": "add_user"}}, {"model": "auth.permission", "pk": 22, "fields": {"name": "Can change user", "content_type": 6, "codename": "change_user"}}, {"model": "auth.permission", "pk": 23, "fields": {"name": "Can delete user", "content_type": 6, "codename": "delete_user"}}, {"model": "auth.permission", "pk": 24, "fields": {"name": "Can view user", "content_type": 6, "codename": "view_user"}}, {"model": "auth.permission", "pk": 25, "fields": {"name": "Can add content type", "content_type": 7, "codename": "add_contenttype"}}, {"model": "auth.permission", "pk": 26, "fields": {"name": "Can change content type", "content_type": 7, "codename": "change_contenttype"}}, {"model": "auth.permission", "pk": 27, "fields": {"name": "Can delete content type", "content_type": 7, "codename": "delete_contenttype"}}, {"model": "auth.permission", "pk": 28, "fields": {"name": "Can view content type", "content_type": 7, "codename": "view_contenttype"}}, {"model": "auth.permission", "pk": 29, "fields": {"name": "Can add session", "content_type": 8, "codename": "add_session"}}, {"model": "auth.permission", "pk": 30, "fields": {"name": "Can change session", "content_type": 8, "codename": "change_session"}}, {"model": "auth.permission", "pk": 31, "fields": {"name": "Can delete session", "content_type": 8, "codename": "delete_session"}}, {"model": "auth.permission", "pk": 32, "fields": {"name": "Can view session", "content_type": 8, "codename": "view_session"}}, {"model": "auth.permission", "pk": 33, "fields": {"name": "Can add tag", "content_type": 9, "codename": "add_tag"}}, {"model": "auth.permission", "pk": 34, "fields": {"name": "Can change tag", "content_type": 9, "codename": "change_tag"}}, {"model": "auth.permission", "pk": 35, "fields": {"name": "Can delete tag", "content_type": 9, "codename": "delete_tag"}}, {"model": "auth.permission", "pk": 36, "fields": {"name": "Can view tag", "content_type": 9, "codename": "view_tag"}}, {"model": "auth.permission", "pk": 37, "fields": {"name": "Can add tagged item", "content_type": 10, "codename": "add_taggeditem"}}, {"model": "auth.permission", "pk": 38, "fields": {"name": "Can change tagged item", "content_type": 10, "codename": "change_taggeditem"}}, {"model": "auth.permission", "pk": 39, "fields": {"name": "Can delete tagged item", "content_type": 10, "codename": "delete_taggeditem"}}, {"model": "auth.permission", "pk": 40, "fields": {"name": "Can view tagged item", "content_type": 10, "codename": "view_taggeditem"}}, {"model": "auth.user", "pk": 1, "fields": {"password": "pbkdf2_sha256$216000$ILgIlxq7g9QH$yuyWcAJbKlwvw9Y1PKYH83IM1iP/l/GnRU1gdU74TKw=", "last_login": "2020-10-12T06:51:00.771Z", "is_superuser": true, "username": "admin", "first_name": "", "last_name": "", "email": "khizerkhan736@gmail.com", "is_staff": true, "is_active": true, "date_joined": "2020-10-12T06:13:13.461Z", "groups": [], "user_permissions": []}}, {"model": "auth.user", "pk": 2, "fields": {"password": "pbkdf2_sha256$216000$wyGwMFTmDGJZ$nIXueQBe/X28No3qYbhyN6959WwytOsXyN2v9iuOThE=", "last_login": "2020-10-12T06:48:40.749Z", "is_superuser": false, "username": "hashim", "first_name": "", "last_name": "", "email": "Dreamcapture99@gmail.com", "is_staff": false, "is_active": true, "date_joined": "2020-10-12T06:48:13.919Z", "groups": [], "user_permissions": []}}, {"model": "contenttypes.contenttype", "pk": 1, "fields": {"app_label": "blog", "model": "post"}}, {"model": "contenttypes.contenttype", "pk": 2, "fields": {"app_label": "users", "model": "profile"}}, {"model": "contenttypes.contenttype", "pk": 3, "fields": {"app_label": "admin", "model": "logentry"}}, {"model": "contenttypes.contenttype", "pk": 4, "fields": {"app_label": "auth", "model": "permission"}}, {"model": "contenttypes.contenttype", "pk": 5, "fields": {"app_label": "auth", "model": "group"}}, {"model": "contenttypes.contenttype", "pk": 6, "fields": {"app_label": "auth", "model": "user"}}, {"model": "contenttypes.contenttype", "pk": 7, "fields": {"app_label": "contenttypes", "model": "contenttype"}}, {"model": "contenttypes.contenttype", "pk": 8, "fields": {"app_label": "sessions", "model": "session"}}, {"model": "contenttypes.contenttype", "pk": 9, "fields": {"app_label": "taggit", "model": "tag"}}, {"model": "contenttypes.contenttype", "pk": 10, "fields": {"app_label": "taggit", "model": "taggeditem"}}, {"model": "sessions.session", "pk": "mg5rraxq0gjm0o3exz7ogo5zruvv6rqj", "fields": {"session_data": ".eJxVjDsOwyAQBe9CHSFs_inT-wxoF9jgJALJ2FWUu0dILpL2zcx7swDHXsLR8xbWxK5sYpffDSE-cx0gPaDeG4-t7tuKfCj8pJ0vLeXX7XT_Dgr0MmoFaMgizEIqAwhCK0oOnLTkQCbQsyfyMRtDUuEkhVekwRsbvYgus88XAH04bQ:1kRrfg:ARsZkjpegziSQW-hjrZvirNp_MwvjEYwS60DTzUlFFA", "expire_date": "2020-10-26T06:51:00.951Z"}}, {"model": "taggit.tag", "pk": 1, "fields": {"name": "Django", "slug": "django"}}, {"model": "taggit.tag", "pk": 2, "fields": {"name": "Python", "slug": "python"}}, {"model": "taggit.tag", "pk": 3, "fields": {"name": "hashim", "slug": "hashim"}}, {"model": "taggit.tag", "pk": 4, "fields": {"name": "Intelligence", "slug": "intelligence"}}, {"model": "taggit.tag", "pk": 6, "fields": {"name": "Dynamic", "slug": "dynamic"}}, {"model": "taggit.tag", "pk": 7, "fields": {"name": "Scraping", "slug": "scraping"}}, {"model": "taggit.tag", "pk": 8, "fields": {"name": "Web", "slug": "web"}}, {"model": "taggit.tag", "pk": 10, "fields": {"name": "spider-man", "slug": "spider-man"}}, {"model": "taggit.tag", "pk": 11, "fields": {"name": "movie", "slug": "movie"}}, {"model": "taggit.tag", "pk": 14, "fields": {"name": "Pakistan", "slug": "pakistan"}}, {"model": "taggit.tag", "pk": 15, "fields": {"name": "World", "slug": "world"}}, {"model": "taggit.tag", "pk": 16, "fields": {"name": "Macbook", "slug": "macbook-pro"}}, {"model": "taggit.tag", "pk": 21, "fields": {"name": "tablet", "slug": "tablet"}}, {"model": "taggit.taggeditem", "pk": 1, "fields": {"tag": 1, "content_type": 1, "object_id": 1}}, {"model": "taggit.taggeditem", "pk": 2, "fields": {"tag": 2, "content_type": 1, "object_id": 2}}, {"model": "taggit.taggeditem", "pk": 3, "fields": {"tag": 3, "content_type": 1, "object_id": 3}}, {"model": "taggit.taggeditem", "pk": 4, "fields": {"tag": 4, "content_type": 1, "object_id": 4}}, {"model": "taggit.taggeditem", "pk": 6, "fields": {"tag": 6, "content_type": 1, "object_id": 5}}, {"model": "taggit.taggeditem", "pk": 7, "fields": {"tag": 8, "content_type": 1, "object_id": 6}}, {"model": "taggit.taggeditem", "pk": 8, "fields": {"tag": 7, "content_type": 1, "object_id": 6}}, {"model": "taggit.taggeditem", "pk": 9, "fields": {"tag": 8, "content_type": 1, "object_id": 7}}, {"model": "taggit.taggeditem", "pk": 11, "fields": {"tag": 10, "content_type": 1, "object_id": 8}}, {"model": "taggit.taggeditem", "pk": 12, "fields": {"tag": 10, "content_type": 1, "object_id": 9}}, {"model": "taggit.taggeditem", "pk": 13, "fields": {"tag": 11, "content_type": 1, "object_id": 9}}, {"model": "taggit.taggeditem", "pk": 17, "fields": {"tag": 10, "content_type": 1, "object_id": 12}}, {"model": "taggit.taggeditem", "pk": 18, "fields": {"tag": 11, "content_type": 1, "object_id": 12}}, {"model": "taggit.taggeditem", "pk": 19, "fields": {"tag": 10, "content_type": 1, "object_id": 13}}, {"model": "taggit.taggeditem", "pk": 20, "fields": {"tag": 11, "content_type": 1, "object_id": 13}}]